#,name,voteType,id,code,url
1,"""Buy European"" provisions",plenary,206,c8542733-dadb-413c-94af-7add93bddf38,https://eumatrix.eu/en/quizzes/statistics/c8542733-dadb-413c-94af-7add93bddf38
2,"""Buy European"" provisions (balanced sample)",plenary,538,9db97b9f-834a-41f0-9304-bf8a91f0cb78,https://eumatrix.eu/en/quizzes/statistics/9db97b9f-834a-41f0-9304-bf8a91f0cb78
3,1 - EU political integration (free access),plenary,164,af357f4c-c9c5-42f4-a6c7-85ce71d52b30,https://eumatrix.eu/en/quizzes/statistics/af357f4c-c9c5-42f4-a6c7-85ce71d52b30
4,2 - Overall simplification of regulation in the EU (free access),plenary,174,7fb8e168-6f95-40c7-a9ea-0ecbcdcf1425,https://eumatrix.eu/en/quizzes/statistics/7fb8e168-6f95-40c7-a9ea-0ecbcdcf1425
5,2035 CO2 Emission Target for Cars,plenary,534,1a6f12ca-6a2c-4012-b612-307fe73afd6d,https://eumatrix.eu/en/quizzes/statistics/1a6f12ca-6a2c-4012-b612-307fe73afd6d
6,5G,plenary,217,0a823ad3-0bb5-419d-95a8-9912cd88be62,https://eumatrix.eu/en/quizzes/statistics/0a823ad3-0bb5-419d-95a8-9912cd88be62
7,Abortion policy,plenary,17,d19c10ba-def8-4d2d-8953-0480968659ce,https://eumatrix.eu/en/quizzes/statistics/d19c10ba-def8-4d2d-8953-0480968659ce
8,Accounting and auditing of EU budget,plenary,426,4114a3ea-8b3d-4299-ae00-bcb563aac059,https://eumatrix.eu/en/quizzes/statistics/4114a3ea-8b3d-4299-ae00-bcb563aac059
9,Agricultural funding,plenary,358,df933591-7076-4187-bec7-87f1c1b07045,https://eumatrix.eu/en/quizzes/statistics/df933591-7076-4187-bec7-87f1c1b07045
10,Air quality policy,plenary,82,ba274c1a-df7d-4eb9-bd88-65dc1928698a,https://eumatrix.eu/en/quizzes/statistics/ba274c1a-df7d-4eb9-bd88-65dc1928698a
11,Animal diseases and health in the EU,plenary,413,dfd54c7e-c2c4-47ca-8055-33782c30249a,https://eumatrix.eu/en/quizzes/statistics/dfd54c7e-c2c4-47ca-8055-33782c30249a
12,Anti-money laundering regulation,plenary,237,8ad0e2f2-40b8-40db-b579-4ccc49e149a5,https://eumatrix.eu/en/quizzes/statistics/8ad0e2f2-40b8-40db-b579-4ccc49e149a5
13,Antimicrobial resistance,plenary,141,ec7099df-50bf-4014-8aef-b08f904af1af,https://eumatrix.eu/en/quizzes/statistics/ec7099df-50bf-4014-8aef-b08f904af1af
14,Arms export from the EU,plenary,368,257db600-4dec-4a62-ba96-acc6a1570dbb,https://eumatrix.eu/en/quizzes/statistics/257db600-4dec-4a62-ba96-acc6a1570dbb
15,Artificial Intelligence,plenary,47,0b3e27be-4675-4b41-a1b0-d67ce44b55d3,https://eumatrix.eu/en/quizzes/statistics/0b3e27be-4675-4b41-a1b0-d67ce44b55d3
16,Asylum & border control,plenary,163,394a8e8e-4c9a-49f2-b256-41fb05b146dd,https://eumatrix.eu/en/quizzes/statistics/394a8e8e-4c9a-49f2-b256-41fb05b146dd
17,Biofuels (RED II),plenary,56,53928a97-8691-43ab-9f6f-f6f3a7573d86,https://eumatrix.eu/en/quizzes/statistics/53928a97-8691-43ab-9f6f-f6f3a7573d86
18,Broad scope,plenary,366,e8013403-cb8c-4dbd-98af-0788099d0961,https://eumatrix.eu/en/quizzes/statistics/e8013403-cb8c-4dbd-98af-0788099d0961
19,Broadcasting of sports events,plenary,210,20ce4ef8-4a08-4658-8c8d-3cff51495c8f,https://eumatrix.eu/en/quizzes/statistics/20ce4ef8-4a08-4658-8c8d-3cff51495c8f
20,Budget for EU politicians,plenary,350,c887faf7-5179-42a7-9a27-a43fc2efcde6,https://eumatrix.eu/en/quizzes/statistics/c887faf7-5179-42a7-9a27-a43fc2efcde6
21,Cannabis regulation,plenary,374,5dba6d46-dfe1-4494-9f7c-14bfb7c29279,https://eumatrix.eu/en/quizzes/statistics/5dba6d46-dfe1-4494-9f7c-14bfb7c29279
22,Carbon Border Adjustment Mechanism (CBAM),plenary,83,f5ec7049-aed8-4324-8900-a858af92a155,https://eumatrix.eu/en/quizzes/statistics/f5ec7049-aed8-4324-8900-a858af92a155
23,Carbon capture storage and utilisation,plenary,160,f25886ec-13ad-4139-9785-f65dacada408,https://eumatrix.eu/en/quizzes/statistics/f25886ec-13ad-4139-9785-f65dacada408
24,Carbon leakage support,plenary,84,fb8f1749-9abb-4ffa-a100-393a46e2837c,https://eumatrix.eu/en/quizzes/statistics/fb8f1749-9abb-4ffa-a100-393a46e2837c
25,Cash as means of payment,plenary,129,ddd3fb09-f155-4cfe-af1e-3e46c3006e5e,https://eumatrix.eu/en/quizzes/statistics/ddd3fb09-f155-4cfe-af1e-3e46c3006e5e
26,Child poverty policy,plenary,230,d89021e5-f875-4bc1-b2f3-0158cb308201,https://eumatrix.eu/en/quizzes/statistics/d89021e5-f875-4bc1-b2f3-0158cb308201
27,Climate efforts,plenary,97,5bdff131-1685-4c9b-881f-47d8d465721d,https://eumatrix.eu/en/quizzes/statistics/5bdff131-1685-4c9b-881f-47d8d465721d
28,Cohesion and rural funding,plenary,338,eab7d966-1974-4c71-b209-c30612e4adfa,https://eumatrix.eu/en/quizzes/statistics/eab7d966-1974-4c71-b209-c30612e4adfa
29,Commercial whaling,plenary,465,9b5f140a-bd9d-4f35-bd01-86432d9756e9,https://eumatrix.eu/en/quizzes/statistics/9b5f140a-bd9d-4f35-bd01-86432d9756e9
30,Competitiveness matrix,plenary,539,f55b4b11-3a09-42ab-b727-886ff8318f8e,https://eumatrix.eu/en/quizzes/statistics/f55b4b11-3a09-42ab-b727-886ff8318f8e
31,Compostable packaging (voting behaviour),plenary,209,7a6b2f5f-f28c-4453-9ccf-9d4b26198206,https://eumatrix.eu/en/quizzes/statistics/7a6b2f5f-f28c-4453-9ccf-9d4b26198206
32,Conditions to access EU budget,plenary,427,ccd34b3e-2928-4460-85bb-0c9af4b9ee7b,https://eumatrix.eu/en/quizzes/statistics/ccd34b3e-2928-4460-85bb-0c9af4b9ee7b
33,Conditions to access EU humanitarian aid,plenary,433,c66021ee-056b-4739-ac7d-6b0a7b01ef83,https://eumatrix.eu/en/quizzes/statistics/c66021ee-056b-4739-ac7d-6b0a7b01ef83
34,Construction products,plenary,207,c172d6f4-0ce8-4178-84b1-89055aa0f8ce,https://eumatrix.eu/en/quizzes/statistics/c172d6f4-0ce8-4178-84b1-89055aa0f8ce
35,Corporate taxation,plenary,203,d51c4281-2e41-42b2-b072-5e8d00fa980b,https://eumatrix.eu/en/quizzes/statistics/d51c4281-2e41-42b2-b072-5e8d00fa980b
36,Cybersecurity investments for critical infrastructure,plenary,485,cb8e1072-8a4f-44a8-88b8-080bb3b78f08,https://eumatrix.eu/en/quizzes/statistics/cb8e1072-8a4f-44a8-88b8-080bb3b78f08
37,Data sovereignty and foreign tech providers in the EU,plenary,484,9807cdb7-9e48-43fa-8bff-2afbf02582e2,https://eumatrix.eu/en/quizzes/statistics/9807cdb7-9e48-43fa-8bff-2afbf02582e2
38,Decarbonisation of aviation sector,plenary,100,73d83c9a-ce55-492e-9140-d1afc9f19aed,https://eumatrix.eu/en/quizzes/statistics/73d83c9a-ce55-492e-9140-d1afc9f19aed
39,Decarbonisation of maritime transport,plenary,184,bb55c7ec-b077-4b45-99a2-c942063ec20b,https://eumatrix.eu/en/quizzes/statistics/bb55c7ec-b077-4b45-99a2-c942063ec20b
40,Defence spending,plenary,263,e68c8e88-2ecb-4789-8c3e-c954afb713af,https://eumatrix.eu/en/quizzes/statistics/e68c8e88-2ecb-4789-8c3e-c954afb713af
41,Development of the European Research Area (ERA),plenary,461,0f72ce1e-1b8e-4405-8f16-4183a40e532f,https://eumatrix.eu/en/quizzes/statistics/0f72ce1e-1b8e-4405-8f16-4183a40e532f
42,Digital euro,plenary,132,805970dd-0a57-4496-bc29-83d4ae764f60,https://eumatrix.eu/en/quizzes/statistics/805970dd-0a57-4496-bc29-83d4ae764f60
43,Digital platforms liability for harmful and illegal content,plenary,5,1ce7844d-1521-4cfc-aa5f-2ba5b47cbb2d,https://eumatrix.eu/en/quizzes/statistics/1ce7844d-1521-4cfc-aa5f-2ba5b47cbb2d
44,Digitalization of public governance & administration,plenary,441,ba218043-2ede-4770-9853-13b435d8809f,https://eumatrix.eu/en/quizzes/statistics/ba218043-2ede-4770-9853-13b435d8809f
45,Disarmament and non-proliferation of weapons,plenary,388,ef6699f1-27ae-40bc-9ecb-34a77b12e00c,https://eumatrix.eu/en/quizzes/statistics/ef6699f1-27ae-40bc-9ecb-34a77b12e00c
46,Discharge of EU institutions and agencies,plenary,352,dc9b1e9f-e8e9-44fe-b99a-d7096354c6fc,https://eumatrix.eu/en/quizzes/statistics/dc9b1e9f-e8e9-44fe-b99a-d7096354c6fc
47,Disinformation & online freedoms,plenary,181,83a3ea63-6580-4f66-ae48-2840cd15edbf,https://eumatrix.eu/en/quizzes/statistics/83a3ea63-6580-4f66-ae48-2840cd15edbf
48,Drinking regulation,plenary,155,cbee6fe8-a436-41dc-bdee-a5d0769fb70f,https://eumatrix.eu/en/quizzes/statistics/cbee6fe8-a436-41dc-bdee-a5d0769fb70f
49,Due diligence in supply chains (environmental and human rights),,,,
50,ECB Monetary policy,,,,
51,Ecodesign & durability,,,,
52,Economic security,,,,
53,Electronic identity,,,,
54,Energy (green transition),,,,
55,Energy efficiency,,,,
56,Energy performance of buildings,,,,
57,Energy transition (state support),,,,
58,Engagement of Romani communities in Europe,,,,
59,Environmental crimes and justice,,,,
60,Environmental regulation of fisheries,,,,
61,EP seat in Strasbourg,,,,
62,EU and national cultural identities,,,,
63,EU approach to electricity market and prices,,,,
64,EU approach to energy security (home-made vs import sources),,,,
65,EU approach to sustainability criteria in private investments,,,,
66,EU competences on demographic policy,,,,
67,EU competences on foreign affairs,,,,
68,EU competences on health,,,,
69,EU competences on human rights,,,,
70,EU competences on social policies,,,,
71,EU competences on space policy,,,,
72,EU competences on taxation,,,,
73,EU Competition policy,,,,
74,EU Development & Humanitarian Aid,,,,
75,EU development policy (gender conditionality),,,,
76,EU diplomatic representation,,,,
77,EU energy infrastructure integration,,,,
78,EU engagement with Christians abroad,,,,
79,EU engagement with citizens,,,,
80,EU engagement with civil society,,,,
81,EU engagement with youth,,,,
82,EU enlargement,,,,
83,EU expenditure on social policy,,,,
84,EU fiscal rules and oversight of national budgets,,,,
85,EU foreign policy approach,,,,
86,EU framework for voluntary quality and sustainability terms in food marketing,,,,
87,EU funding for transportation,,,,
88,EU housing policy,,,,
89,EU humanitarian missions,,,,
90,EU industrial funding,,,,
91,EU law enforcement cooperation in criminal matters,,,,
92,"EU measures on lifestyle-related behaviours (smoking, drinking, eating, etc.)",,,,
93,EU ocean policy,,,,
94,EU policy on accessibility of digital infrastructure,,,,
95,EU policy on African region,,,,
96,EU policy on aging workforce and pensions,,,,
97,EU policy on aviation safety,,,,
98,EU policy on banks profits,,,,
99,EU policy on brain drain,,,,
100,EU policy on Central Asia,,,,
101,EU policy on country of origin food labelling,,,,
102,EU policy on criminal justice,,,,
103,EU policy on custom fee on non-EU imports,,,,
104,EU policy on disability inclusion & accessibility,,,,
105,EU policy on ethical standards in biotechnology applications,,,,
106,EU policy on farmer–buyer relations in the agri-food supply chain,,,,
107,EU policy on forced redundancies,,,,
108,EU policy on gas storage targets,,,,
109,"EU policy on integration and ethnic, racial and religious discrimination",,,,
110,EU policy on Islam,,,,
111,EU policy on lab-grown meat,,,,
112,EU policy on labour exploitation in global supply chains,,,,
113,EU policy on labour migration,,,,
114,EU policy on mental health,,,,
115,EU policy on novel foods,,,,
116,EU policy on permitting for renewable energy projects,,,,
117,EU policy on pesticides,,,,
118,EU policy on Sahel and Sudan,,,,
119,EU policy on social & environmental impact of foreign investments,,,,
120,EU policy on social criteria in public funding,,,,
121,EU policy on sustainability criteria in public funding,,,,
122,EU policy on the Indo-Pacific region,,,,
123,EU policy on urban development,,,,
124,EU policy on victims' compensation rights,,,,
125,EU policy on Western Sahara,,,,
126,EU public communication strategy,,,,
127,EU regulation of short-term rentals,,,,
128,EU regulation on financial data access,,,,
129,EU regulation on plain packaging for tobacco products,,,,
130,EU relations with ASEAN,,,,
131,EU relations with Bosnia and Herzegovina,,,,
132,EU relations with Central African Republic,,,,
133,EU relations with Eastern Neighbourhood,,,,
134,EU relations with Gulf countries,,,,
135,EU relations with Kurdish people,,,,
136,EU relations with left-wing Latin America,,,,
137,EU relations with the Southern Neighbourhood,,,,
138,EU relations with United Arab Emirates,,,,
139,EU relations with Western Balkans,,,,
140,EU requirements on animal welfare for farmers,,,,
141,EU research funding,,,,
142,EU rules on digital competition,,,,
143,EU rules on hazardous working conditions,,,,
144,EU Single Market harmonisation,,,,
145,EU social policy  (political compass),,,,
146,EU stance on BRICS cooperation,,,,
147,EU strategy for tourism development,,,,
148,EU strategy on population growth,,,,
149,EU Supervision of the Rule of Law,,,,
150,EU support for bioeconomic applications,,,,
151,EU support for cultural and creative sector,,,,
152,EU support for traditional (non-digital) media,,,,
153,EU support of rail transport,,,,
154,EU taxation policy  (political compass),,,,
155,EU transport infrastructure integration,,,,
156,EU volunteering programs,,,,
157,EU-Albania relations,,,,
158,EU-Algeria relations,,,,
159,EU-Angola relations,,,,
160,EU-Armenia relations,,,,
161,EU-Brazil relations,,,,
162,EU-Cameroon relations,,,,
163,EU-China relations,,,,
164,EU-Congo (DRC) relations,,,,
165,EU-Cuba relations,,,,
166,EU-Egypt relations,,,,
167,EU-Georgia relations,,,,
168,EU-India relations,,,,
169,EU-Iran relations,,,,
170,EU-Jordan relations,,,,
171,EU-Kosovo relations,,,,
172,EU-Kyrgyzstan relations,,,,
173,EU-Lebanon relations,,,,
174,EU-Moldova relations,,,,
175,EU-Niue relations,,,,
176,EU-Norway relations,,,,
177,EU-Philippines relations,,,,
178,EU-Rwanda relations,,,,
179,EU-Saudi Arabia relations,,,,
180,EU-Serbia relations,,,,
181,EU-Switzerland relations,,,,
182,EU-Syria relations,,,,
183,EU-Thailand relations,,,,
184,EU-Tonga relations,,,,
185,EU-Tunisia relations,,,,
186,EU-Turkey relations,,,,
187,EU-Tuvalu relations,,,,
188,EU-UK relations,,,,
189,EU-Ukraine relations,,,,
190,EU-US relations,,,,
191,EU-US trade relations,,,,
192,EU-Vanuatu relations,,,,
193,EU-Venezuela relations,,,,
194,European Deposit Insurance Scheme,,,,
195,European Globalisation Adjustment Fund,,,,
196,European Semester (social dimension),,,,
197,EV charging infrastructure,,,,
198,Export of EU agri-food products,,,,
199,Extension of the EU Emissions Trading Scheme,,,,
200,F-gases regulation,,,,
201,Fisheries access for developing countries,,,,
202,Flexibility for 2030 CO2 Targets for Cars,,,,
203,Foreign interference in Europe,,,,
204,Fossil fuels,,,,
205,Free Trade Agreements (FTAs),,,,
206,Funding for EU Neighbourhood,,,,
207,Funding for fisheries and aquaculture,,,,
208,Funding for OCTs and outermost regions,,,,
209,GDPR,,,,
210,Gender pay transparency,,,,
211,"Gender roles, equality and inclusion",,,,
212,"Gender roles, equality and inclusion in the EU (political compass)",,,,
213,Global priorities for international development,,,,
214,Governance of academic priorities within the EU,,,,
215,Green and social economy,,,,
216,Green claims,,,,
217,Green Taxonomy,,,,
218,Heated tobacco products,,,,
219,Human tragedies,,,,
220,Import of agri-food products in the EU,,,,
221,Industrial emissions directive (IED),,,,
222,International data transfers,,,,
223,International humanitarian alignment with UN,,,,
224,Interoperability requirements for digital platforms,,,,
225,Jewish culture and antisemitism,,,,
226,Jurisdiction conflicts between EU and national courts,,,,
227,Large Carnivores,,,,
228,LGBTIQ+,,,,
229,Liability for online marketplaces,,,,
230,Low-carbon hydrogen,,,,
231,Management of EU forests,,,,
232,Markets in Financial Instruments Directive (MiFID),,,,
233,Military emissions reporting,,,,
234,Minimum income harmonisation at EU level,,,,
235,Minimum wages harmonisation at EU level,,,,
236,Multilingualism in EU institutions,,,,
237,Natural gas,,,,
238,Nature protection and restoration in the EU,,,,
239,New Genomic Techniques,,,,
240,Nuclear energy,,,,
241,Nutrition,,,,
242,Ownership of strategic assets,,,,
243,Partisan,,,,
244,Pesticides (10th term),,,,
245,Pharma IPRs,,,,
246,Pharma transparency,,,,
247,Pharmaceuticals regulation in EU,,,,
248,Plant-based diet,,,,
249,Platform workers,,,,
250,Polish-Ukraine historical conflict,,,,
251,Positioning on Omnibuses simplification initiatives (all votes),,,,
252,Positioning on Omnibuses simplification initiatives (final votes only),,,,
253,Preferential treatment for made in EU cars and components,,,,
254,Privacy & detection of online child abuse,,,,
255,Privacy & digital economy,,,,
256,Privacy & law enforcement,,,,
257,Promotion of open-source softwares,,,,
258,Public funding for education,,,,
259,Re-use of packaging,,,,
260,Recommender systems,,,,
261,Recruitment policies in the EU,,,,
262,Regulation of crypto,,,,
263,Regulation of deep-seabed mining,,,,
264,Regulation of drug precursors in the EU,,,,
265,Regulation of NGOs in Europe,,,,
266,Regulation of pornography in the EU,,,,
267,Regulation of surrogate pregnancy,,,,
268,Regulation on new oral nicotine products,,,,
269,Relations with NATO,,,,
270,Relations with Taiwan,,,,
271,Remembrance of communism/Soviet Union,,,,
272,Research priorities within the EU,,,,
273,Restrictions of flavours in tobacco products,,,,
274,Risk prevention infrastructure,,,,
275,Road transport environmental policy,,,,
276,Role of education (social change vs. tradition),,,,
277,Role of taxation,,,,
278,Role of Technologies Other Than Electric Vehicles,,,,
279,Rule of law and democracy in the EU (political compass),,,,
280,Rule of law in Spain,,,,
281,Safety features & content control for child protection online,,,,
282,Senders-pay,,,,
283,Sexuality and reproduction,,,,
284,Sourcing of critical raw materials,,,,
285,State Aid,,,,
286,Strategic Screening in International Research Cooperation,,,,
287,Support for families,,,,
288,Support for ICC,,,,
289,Support for international humanitarian organisations,,,,
290,Surveillance equipment & spyware,,,,
291,Sustainability of batteries regulation,,,,
292,Sustainable corporate governance,,,,
293,Sustainable use of seeds in EU policy,,,,
294,Taxation of financial transactions,,,,
295,Taxation of windfall profits,,,,
296,Trade relations with China,,,,
297,Trade relations with Mercosur,,,,
298,Trade relations with Morocco,,,,
299,Trade relations with Turkey,,,,
300,Transparency and oversight of AI-generated content,,,,
301,Transparency requirements for interest groups,,,,
302,Transparency requirements of EU institutions,,,,
303,Use of fertilisers,,,,
304,Vaccination,,,,
305,Water pollution,,,,
306,Wealth taxation,,,,
